id,company
insight_1,NE-XT Technologies
insight_2,Russell Standard
insight_3,Greenclose Hotels
insight_4,Brivo
insight_5,JUB Group
insight_6,AVR Realty Co.
insight_7,BlueVolt
insight_8,Centida
insight_9,Workwear Group
insight_10,BuyIn
insight_11,Mater
insight_12,Arkin
insight_13,Lechler
insight_14,California Olive Ranch
insight_15,Vienna BioCenter
insight_16,sophub
insight_17,Perkins Builders
insight_18,William Hill
insight_19,Hants & Berks 4x4 Response
insight_20,Century Supply Chain Solutions
insight_21,Choate Construction Company
insight_22,Otsuka Pharmaceuticals Co.
insight_23,Taylor Forge
insight_24,Karmak
insight_25,NICE Actimize
insight_26,H&J Martin
insight_27,MGMA
insight_28,Kana - A Verint Company
insight_29,Informatica
insight_30,Franklin American Mortgage
insight_31,emplifi
insight_32,Dossier Solutions
insight_33,TaylorMade Golf Company
insight_34,Alfatech
insight_35,AdviseInc
insight_36,Outcome Health
insight_37,First Quartile Consulting
insight_38,Tectum Group
insight_39,NHS
insight_40,Novartis
insight_41,Novo Nordisk
insight_42,Phoenix LV
insight_43,Catalyst BI
insight_44,DAC
insight_45,CNHi
insight_46,Hermes Arzneimittel
insight_47,Crider Foods
insight_48,Schindler
insight_49,CONTEXT
insight_50,Vodafone
insight_51,ProRail
insight_52,JBS
insight_53,Thomas Wellness Group
insight_54,Grafix Plastics
insight_55,Cummins
insight_56,ESPO
insight_57,Axminster Tools & Machinery
insight_58,MarketLab
insight_59,Nordeon
insight_60,Southco
insight_61,ND Paper
insight_62,Avon Products
insight_63,Databricks
insight_64,DKG
insight_65,SAPA Building System
insight_66,Royal Gazelle
insight_67,DSM Dyneema
insight_68,Independent SAP Consultant
insight_69,Fender
insight_70,Datalogic
insight_71,Power Equipment Company
insight_72,Concur
insight_73,Allied Electronics & Automation
insight_74,Children’s Hospital Oncology Division
insight_75,"ForgeRock, Inc."
insight_76,Healthcare Industry
insight_77,Sisense
insight_78,The Global Provider of Enterprise Analytics
insight_79,Cloud Data Source Provider
insight_80,Tgestiona
insight_81,Kimball International
insight_82,Morgan Foods International
insight_83,HELLA
insight_84,Zebra Technologies
insight_85,Qualcomm
insight_86,Graybar
insight_87,RStudio
insight_88,Galvanize
insight_89,Trinity Industries
insight_90,Chat Board
insight_91,Van Hessen
insight_92,ABM
insight_93,Zip
insight_94,daa
insight_95,Rendine
insight_96,Levoplant
insight_97,kolb Cleaning Technology
insight_98,Aramark Uniform Services
insight_99,Haven Home Safe
insight_100,Amplion Clinical Communications
insight_101,Fonden Mariehjemmene
insight_102,Vanderlande
insight_103,Heineken
insight_104,Blood Centers of America
insight_105,Pruftechnik
insight_106,McCorkle Nurseries
insight_107,Absorb Software
insight_108,CyberMaxx
insight_109,Lima Memorial
insight_110,Boston College
insight_111,Pathway Chicken
insight_112,Origami Risk
insight_113,Hastings Group
insight_114,The Northeast Ohio Regional Sewer District
insight_115,Xref
insight_116,Celanese
insight_117,Truckee-Donner Public Utility District
insight_118,SSB Consulting
insight_119,Youmanage
insight_120,Symbox
insight_121,Citycounty Insurance Services
insight_122,TTI Group
insight_123,Nordr
insight_124,Hermadix
insight_125,Cromology
insight_126,Senior PLC
insight_127,Eichenauer Services Inc.
insight_128,BiC
insight_129,Leading Global Manufacturer
insight_130,"Discovery, Inc."
insight_131,Party Rent Group
insight_132,EEW Malaysia
insight_133,Symrise
insight_134,The Rathgeber Group
insight_135,Femat
insight_136,Värmevärden
insight_137,Speedy Services
insight_138,WebSan
insight_139,Seqens
insight_140,Seqens
insight_141,PMU
insight_142,Neoen
insight_143,France Air
insight_144,Astek
insight_145,CBC
insight_146,IMI
insight_147,Rotork
insight_148,Primonial
insight_149,Nexity
insight_150,KP1
insight_151,Clarins
insight_152,BDC
insight_153,5àsec
insight_154,OUTsurance
insight_155,Bauer group
insight_156,EURONICS
insight_157,ElringKlinger
insight_158,Caymas Boats
insight_159,Howard Hughes Corporation
insight_160,Investor AB
insight_161,Worldwide Facilities
insight_162,Quint
insight_163,WeCare Holding
insight_164,AAC
insight_165,"The City of Farmington, New Mexico"
insight_166,London Internet Exchange
insight_167,Carlsberg China
insight_168,BSK Associates
insight_169,"Lavery, de Billy, L.L.P."
insight_170,AltaGas Ltd.
insight_171,LV=
insight_172,"LifePoint Health, Inc."
insight_173,Folksam
insight_174,EnterCard
insight_175,DRDGOLD
insight_176,Confidential High Tech Company
insight_177,Linamar Corporation
insight_178,Nutrien Inc.
insight_179,"Financial Intelligence, LLC"
insight_180,Anonymous Public Company
insight_181,Company Confidential
insight_182,Atlantic Capital Bank
insight_183,"VAALCO Energy, Inc."
insight_184,NGL Energy Partners
insight_185,"International Seaways, Inc."
insight_186,Optimus Business Transformation
insight_187,MTN Congo
insight_188,PRA Health Sciences
insight_189,Renaissance Learning
insight_190,Rockwell Automation
insight_191,Custom Goods
insight_192,IXYS UK Westcode Ltd.
insight_193,Midwest Property Management
insight_194,WEC
insight_195,Veolia
insight_196,Sandy Spring Bank
insight_197,RSA
insight_198,ParkOhio
insight_199,Norbord
insight_200,La Capitale
insight_201,Health Network Laboratories
insight_202,HD Supply
insight_203,Generac
insight_204,GATX
insight_205,Energir
insight_206,Dallas/Fort Worth International Airport
insight_207,Deloitte
insight_208,Eagle Materials
insight_209,Dassault Aviation
insight_210,"Ventas, Inc."
insight_211,Transamerica Life Insurance Company
insight_212,"Mercedes-Benz Truck Germany, Daimler AG"
insight_213,La Coop Federee
insight_214,Imerys
insight_215,ICAT Managers
insight_216,Hasbro
insight_217,Alimentation Couche-Tard Inc.
insight_218,Cornell University
insight_219,Acxiom
insight_220,Apergy
insight_221,Heuver
insight_222,Multiconsult
insight_223,Stoltz Management
insight_224,Grilstad
insight_225,Norwegian Dental Health Insurance
insight_226,OSM Maritime Group
insight_227,Dalakraft
insight_228,Coop Sørvest
dash_1,property-management-analytics-pricelabs
dash_2,kansas-city-chiefs
dash_3,equinor-energy
dash_4,sports-analytics-utah-jazz
dash_5,behavioral-health-holmusk
dash_6,cibc
dash_7,intuit
dash_8,public-utility-dash-enterprise
dash_9,denver-regional-transport
dash_10,iot-gamuda
dash_11,automotive-capacity-planning-cox-auto
dash_12,crant-ai
dash_13,wpo-energy
dash_14,gamma-tech
dash_15,renewable-energy-nrel
dash_16,chesapeake-energy
dash_17,pairwise
dash_18,dash-enterprise-covid
dash_19,komatsu
dash_20,uniper
dash_21,supply-chain-nisci
dash_22,berkeley-lab
dash_23,singapore-institute-for-clinical-sciences-sics
dash_24,education-sidmach
knime_1,Alexion
knime_2,Alexion
knime_3,Allente
knime_4,Allente
knime_5,Anadolu Sigorta
knime_6,Anadolu Sigorta
knime_7,BGIS
knime_8,BGIS
knime_9,Centogene
knime_10,Centogene
knime_11,Chiesi
knime_12,Chiesi
knime_13,ClearPeaks
knime_14,ClearPeaks
knime_15,Combating Terrorism Technical Support Office
knime_16,Combating Terrorism Technical Support Office
knime_17,Continental
knime_18,Continental
knime_19,Crystalloids
knime_20,Crystalloids
knime_21,Daimler
knime_22,Daimler
knime_23,Day5 Analytics
knime_24,Day5 Analytics
knime_25,Deutsche Telekom
knime_26,Deutsche Telekom
knime_27,Diaceutics
knime_28,Diaceutics
knime_29,EPAM
knime_30,EPAM
knime_31,FDA
knime_32,FDA
knime_33,Forest Grove
knime_34,Forest Grove
knime_35,Gemmacon
knime_36,Gemmacon
knime_37,HireRight
knime_38,HireRight
knime_39,ING
knime_40,ING
knime_41,JYSK
knime_42,JYSK
knime_43,Kärcher
knime_44,Kärcher
knime_45,Knoldus
knime_46,Knoldus
knime_47,Netzeffekt
knime_48,Netzeffekt
knime_49,Procter & Gamble
knime_50,Procter & Gamble
knime_51,Pure Romance
knime_52,Pure Romance
knime_53,Qatar Financial Center Regulatory Authority
knime_54,Qatar Financial Center Regulatory Authority
knime_55,Rabobank
knime_56,Rabobank
knime_57,Seagate
knime_58,Seagate
knime_59,Siemens
knime_60,Siemens
knime_61,Soluzioni Informatiche
knime_62,Soluzioni Informatiche
knime_63,Soluzioni Informatiche
knime_64,Soluzioni Informatiche
knime_65,Sparkasse KölnBonn
knime_66,Sparkasse KölnBonn
knime_67,Sport England
knime_68,Sport England
knime_69,Star Cooperative
knime_70,Star Cooperative
knime_71,Tata Steel
knime_72,Tata Steel
knime_73,thaltegos
knime_74,thaltegos
knime_75,The Hungarian Government
knime_76,The Hungarian Government
knime_77,TODO1
knime_78,TODO1
knime_79,Truata
knime_80,Truata
knime_81,Uppsala University
knime_82,Uppsala University
knime_83,Wave Life Sciences
knime_84,Wave Life Sciences
knime_85,Webbankir
knime_86,Webbankir
knime_87,Würth Group
knime_88,Würth Group
knime_89,Würth Group
knime_90,Würth Group
knime_91,Z5 Inventory
knime_92,Z5 Inventory
knime_93,ZF
knime_94,ZF
tableau_1,Tinuiti
tableau_2,Gulf Bank
tableau_3,St. George's Hospital 
tableau_4,ABB
tableau_5,Swiss Re
tableau_6,NHS Digital
tableau_7,Staysure
tableau_8,Kramp
tableau_9,VR-Bank Mitte eG
tableau_10,Experian
tableau_11,PT Bank Mandiri (Persero) Tbk
tableau_12,Kantonspolizei Aargau
tableau_13,Aon
tableau_14,Swiss Life 
tableau_15,Siemens AG
tableau_16,Tesco UKI
tableau_17,Greater Manchester Health and Social Care Partnership
tableau_18,Southwest Airlines
tableau_19,Coca-Cola Bottling Co. Consolidated
tableau_20,Arby's Restaurant Group -
tableau_21,Merkle
tableau_22,Company name not found
tableau_23,Bol.com
tableau_24,Red Hat
tableau_25,Verizon Communications
tableau_26,UNC Health
tableau_27,Providence Health & Services
tableau_28,Lake County Health Department
tableau_29,Wells Fargo
tableau_30,Front Health
tableau_31,Tinuiti
tableau_32,JetBlue
tableau_33,Juniper Networks
tableau_34,Bain & Company
tableau_35,Jake Radelet
tableau_36,"Land Registration Systems, Inc (LARES)"
tableau_37,UnionBank of the Philippines
tableau_38,Mankind Pharma
tableau_39,voestalpine
tableau_40,CVS Health
tableau_41,Mercado Libre
tableau_42,株式会社ポニーキャニオン
tableau_43,Bentley
tableau_44,Company name not found
tableau_45,Japan Airlines
tableau_46,Zalora Singapore
tableau_47,Nanyang Girl's High School
tableau_48,AmFam
tableau_49,F5
tableau_50,Papaya Global
tableau_51,MutuiOnline
tableau_52,Freecharge
tableau_53,World Food Programme
tableau_54,MOH Indonesia
tableau_55,True Corporation Thailand
tableau_56,Unicredit
tableau_57,Tivian
tableau_58,Siam Kubota Thailand
tableau_59,Bank Rakyat Indonesia
tableau_60,SmartNews Japan
tableau_61,Yahoo Japan
tableau_62,DT One Singapore
tableau_63,FujiFilm Lab Japan
tableau_64,PT Eigerindo Multi Produk Industri
tableau_65,NYU Langone Health
tableau_66,Feeding America
tableau_67,MALL Group 
tableau_68,Hitachi Japan
tableau_69,Unacademy India
tableau_70,Tata 1mg
tableau_71,Prometeia
tableau_72,MicroPort CRM
tableau_73,Rail Delivery Group 
tableau_74,Online PSB Loans
tableau_75,Egged Transportation 
tableau_76,ILIAS Solutions
tableau_77,RBC Wealth Management
tableau_78,"Merck KGaA, Darmstadt, Germany"
tableau_79,United States Olympic & Paralympic Committee
tableau_80,Salesforce
tableau_81,KeyBank
tableau_82,Sompo Thailand
tableau_83,Carro Singapore
tableau_84,Nippon Gases 
tableau_85,Zuellig Pharma Singapore
tableau_86,Link Net Indonesia
tableau_87,PolicyLink logo
tableau_88,OTP Bank Romania 
tableau_89,Ocado
tableau_90,Amstelring
tableau_91,IDBS
tableau_92,The 1
tableau_93,Progressive Insurance
tableau_94,Hitachi Solutions
tableau_95,Midea
tableau_96,SC Asset
tableau_97,Jaguar Land Rover
tableau_98,Mizuho Bank
tableau_99,Yves Rocher
tableau_100,Fujifilm Imaging Systems
tableau_101,Kioxia Iwate Corporation
tableau_102,BMW Group Asia
tableau_103,Seattle Seahawks
tableau_104,Yorkshire Building Society
tableau_105,McDonald’s
tableau_106,University of Utah Health
tableau_107,Carsome
tableau_108,University of Texas - Austin
tableau_109,Duke Health
tableau_110,Belcorp
tableau_111,Blank Customer
tableau_112,Blank Customer
tableau_113,Blank Customer
tableau_114,Kdan Mobile
tableau_115,Vicinity Centres 
tableau_116,freee 会計
tableau_117,TDK Corporation
tableau_118,Telefónica Tech
tableau_119,Griffith University
tableau_120,Zeotap
tableau_121,Sysco LABS
tableau_122,Punchh
tableau_123,Anadolu Sigorta
tableau_124,Basware
tableau_125,University of Kentucky 
tableau_126,Prospitalia h-trak
tableau_127,"invites healthcare CO., LTD"
tableau_128,Engie
tableau_129,Dairy Farm Group
tableau_130,Splunk Inc.
tableau_131,Vend
tableau_132,Bridgestone
tableau_133,BMW
tableau_134,Konica Minolta Japan
tableau_135,Belcorp
tableau_136,FAW Volkswagen
tableau_137,Mahindra Finance
tableau_138,Gatwick Airport
tableau_139,Sequis Life
tableau_140,Swisscom
tableau_141,Department of Disease Control Thailand
tableau_142,Electricity Authority
tableau_143,Quandoo
tableau_144,Paigo
tableau_145,Emami Limited
tableau_146,Hankook Tire
tableau_147,COFCO Coca Cola
tableau_148,DTDC
tableau_149,Telia
tableau_150,Verizon Communications
tableau_151,Mitsui Leasing
tableau_152,Zigbang New
tableau_153,SOS International
tableau_154,Signet Jewelers
tableau_155,National Trust
tableau_156,Oneflare
tableau_157,Municipality of Nijmegen
tableau_158,State of Indiana
tableau_159,KoomMin KB bank
tableau_160,Company name not found
tableau_161,Kubota
tableau_162,Wolseley Canada
tableau_163,Specialized Bicycles Components
tableau_164,Vanguard Charitable
tableau_165,The World Economic Forum (WEF)
tableau_166,Dubai Airports
tableau_167,Austrian Airlines
tableau_168,United Utilities 
tableau_169,ABN AMRO Clearing
tableau_170,Criteo
tableau_171,EDF Energy
tableau_172, Tableau User Group
tableau_173,Experian
tableau_174,Tableau Beginner Session for Wells Fargo
tableau_175,Tableau Product Roadmap Briefing
tableau_176,PurpleCloud Technologies
tableau_177,USAID
tableau_178,PT Bank Mandiri (Persero) Tbk
tableau_179,Castor EDC
tableau_180,CellRebel
tableau_181,Wsparcie dla Szpitala
tableau_182,Everton FC
tableau_183,Community Medical Centers
tableau_184,Landal GreenParks
tableau_185,Gyeonggi Infectious Disease Control Center
tableau_186,Government of Tunisia
tableau_187,DB Systel
tableau_188,NTT Docomo 
tableau_189,Satsure
tableau_190,UChicago Medicine
tableau_191,Henkel 
tableau_192,Whole Foods Market
tableau_193,Carrot Health
tableau_194,TVS Credit
tableau_195,USAA
tableau_196,St. Mary's Bank
tableau_197,Aon
tableau_198,Wellcome
tableau_199,Swiss Life 
tableau_200,Rugby Australia Ltd
tableau_201,E.ON
tableau_202,"NEOWIZ Co., Ltd"
tableau_203,Marysville Exempted Village School District
tableau_204,Tesco UKI
tableau_205,Nissan
tableau_206,Siemens AG
tableau_207,Region Midtjylland
tableau_208,Measured
tableau_209,El Al
tableau_210,World Food Programme
tableau_211,Luxoft
tableau_212,Polysphere
tableau_213,Seera Group
tableau_214,Guy's and St Thomas' Charity
tableau_215,Coca-Cola European Partners
tableau_216,Mondelez International
tableau_217,Elsevier
tableau_218,Florida International University
tableau_219,Advanced Info Service Public Company Limited
tableau_220,Bundesanstalt für Geowissenschaften und Rohstoffe
tableau_221,True Digital
tableau_222,Pruksa Real Estate Public Company Limited
tableau_223,Uniper 
tableau_224,Bayer Healthcare China
tableau_225,Transurban
tableau_226,YIT
tableau_227,FreeNow
tableau_228,Dentsu Aegis 
tableau_229,image
tableau_230,carwow
tableau_231,Coopers Brewery
tableau_232,Garanti Bank 
tableau_233,Tokopedia
tableau_234,Cigna
tableau_235,Tiket.com
tableau_236,Australian Financial Security Authority
tableau_237,Emtek Group
tableau_238,real.digital
tableau_239,Bank Negara Indonesia
tableau_240,Greater Manchester Health and Social Care Partnership
tableau_241,GetSmarter
tableau_242,PEMCO Insurance
tableau_243,Navig8 Group
tableau_244,AIA Singapore
tableau_245,ICIS
tableau_246,Certis Group
tableau_247,RollMaster Software
tableau_248,Uniper 
tableau_249,Airlines Reporting Corporation
tableau_250,GOJEK
tableau_251,Wipro Limited
tableau_252,Charles Schwab
tableau_253,World Wildlife Fund 
tableau_254,Affinity Education Group
tableau_255,iflix
tableau_256,De Bijenkorf
tableau_257,Australian Institute of Health and Welfare
tableau_258,Bazaar247 MCommerce Pvt. Ltd.
tableau_259,NHS Improvement 
tableau_260,Company name not found
tableau_261,Bajaj Finserv
tableau_262,Comair Limited
tableau_263,MoneySQ.com
tableau_264,Gammon Construction Limited
tableau_265,Origin
tableau_266,Seattle Cancer Care Alliance
tableau_267,Abercrombie & Fitch
tableau_268,PUBG Corporation
tableau_269,Honeywell
tableau_270,DNA
tableau_271,Hastee Pay 
tableau_272,AS Watson
tableau_273,OVH
tableau_274,State of Tennessee 
tableau_275,JPMorgan Chase
tableau_276,Box Plus
tableau_277,Hoy AG
tableau_278,The Entertainer
tableau_279,Sony Music Germany
tableau_280,Southwest Airlines 
tableau_281,Lufthansa
tableau_282,NS BlueScope Coated Products
tableau_283,Domain Group
tableau_284,Sysco
tableau_285,REI
tableau_286,image
tableau_287,Charles Schwab
tableau_288,Crossmedia GmbH
tableau_289,資生堂ジャパン株式会社 (Shiseido)
tableau_290,Coaching Consultoria e Tecnologia Ltda
tableau_291,Capgemini
tableau_292,image
tableau_293,Telefónica
tableau_294,Jonny Fresh 
tableau_295,CyberSecurity Malaysia 
tableau_296,HelloFresh
tableau_297,Aon
tableau_298,Eastern Alliance Trading Group 
tableau_299,"Government of Rajasthan, India"
tableau_300,image
tableau_301,Gyeonggi Infectious Disease Control Center
tableau_302,Handok 
tableau_303,Novozymes
tableau_304,Pennine Care NHS Foundation Trust
tableau_305,LinkedIn
tableau_306,Brown-Forman
tableau_307,Singapore Sports Institute
tableau_308,Apoteket
tableau_309,Lenovo International
tableau_310,Company name not found
tableau_311,GoDaddy
tableau_312,MYTOYS Group
tableau_313,Company name not found
tableau_314,Panoramic Power 
tableau_315,Box
tableau_316,Instituto Unibanco
tableau_317,Company name not found
tableau_318,Gannett 
tableau_319,Zedi
tableau_320,M-net
tableau_321,Coca-Cola Bottling Co. Consolidated
tableau_322,h&z
tableau_323,Mobility Outreach International 
tableau_324,Company name not found
tableau_325,PATH
tableau_326,DFID
tableau_327,Company name not found
tableau_328,Company name not found
tableau_329,Company name not found
tableau_330,Company name not found
tableau_331,Company name not found
tableau_332,image
tableau_333,Hallmark
tableau_334,Randstad
tableau_335,Company name not found
tableau_336,Örum
tableau_337,Honeywell
tableau_338,Company name not found
tableau_339,werliefertwas - wlw
tableau_340,Dimagi
tableau_341,Equal Opportunity Schools (EOS)
tableau_342,AmeriPride Services
tableau_343,Thriving Together
tableau_344,NetHope
tableau_345,Visualizing Washington's Progress
tableau_346,PATH
tableau_347,BookerZzz
tableau_348,StriveTogether
tableau_349,Company name not found
tableau_350,Company name not found
tableau_351,Company name not found
tableau_352,SA Ambulance Service
tableau_353,MillerCoors USA
tableau_354,Masabi
tableau_355,Company name not found
tableau_356,Patent Information Promotion Center
tableau_357,Company name not found
tableau_358,Company name not found
tableau_359,Company name not found
tableau_360,Company name not found
tableau_361,Company name not found
tableau_362,Company name not found
tableau_363,Company name not found
tableau_364,Company name not found
tableau_365,Company name not found
tableau_366,Company name not found
tableau_367,Skyscanner
tableau_368,Company name not found
tableau_369,Company name not found
tableau_370,Company name not found
tableau_371,Company name not found
tableau_372,Béautiful Numbers
tableau_373,Company name not found
tableau_374,Company name not found
tableau_375,Spotify
tableau_376,Company name not found
tableau_377,KellyOGC
tableau_378,Company name not found
tableau_379,image
tableau_380,Company name not found
tableau_381,Georgiou Group
tableau_382,Company name not found
tableau_383,Company name not found
tableau_384,image
tableau_385,Company name not found
tableau_386,Edge Digital
tableau_387,Company name not found
tableau_388,Company name not found
tableau_389,Company name not found
tableau_390,Canterbury District Health Board (DHB)
tableau_391,Audience Audit
tableau_392,Company name not found
tableau_393,De Montfort University
tableau_394,BlaBlaCar
tableau_395,Company name not found
tableau_396,Company name not found
tableau_397,Company name not found
tableau_398,Company name not found
tableau_399,Company name not found
tableau_400,Magazine Luiza
tableau_401,Company name not found
tableau_402,Seagate
tableau_403,iProperty
tableau_404,image
tableau_405,Company name not found
tableau_406,Company name not found
tableau_407,Company name not found
tableau_408,Granite School District
tableau_409,Feeding America
tableau_410,Company name not found
tableau_411,Company name not found
tableau_412,Company name not found
tableau_413,Company name not found
tableau_414,Company name not found
tableau_415,Company name not found
tableau_416,Company name not found
tableau_417,image
tableau_418,Company name not found
tableau_419,Company name not found
tableau_420,Company name not found
tableau_421,Company name not found
tableau_422,Company name not found
tableau_423,Dwolla
tableau_424,Intellipharm
tableau_425,Nanyang Polytechnic
tableau_426,MapCase
tableau_427,Company name not found
tableau_428,Alcatel-Lucent Shanghai Bell
tableau_429,Company name not found
tableau_430,Company name not found
tableau_431,株式会社NTTデータ（NTT DATA Corporation）
tableau_432,CyberAgent
tableau_433,ConSol
tableau_434,Company name not found
tableau_435,Company name not found
tableau_436,Pulse Mining
tableau_437,RedMart
tableau_438,Company name not found
tableau_439,Company name not found
tableau_440,Company name not found
tableau_441,Oldcastle
tableau_442,Company name not found
tableau_443,Merkle
tableau_444,Company name not found
tableau_445,Bronto Skylift
tableau_446,VPON Analyzes
tableau_447,Company name not found
tableau_448,Progressive Insurance
tableau_449,Company name not found
tableau_450,Company name not found
tableau_451,Company name not found
tableau_452,Company name not found
tableau_453,Company name not found
tableau_454,Arby's Restaurant Group -
tableau_455,Michigan Medicine
tableau_456,Ciena Corporation
tableau_457,Canyon Creek Elementary
tableau_458,Company name not found
tableau_459,Company name not found
tableau_460,The Information Lab Netherlands B.V.
tableau_461,Company name not found
tableau_462,Company name not found
tableau_463,Company name not found
tableau_464,Company name not found
tableau_465,Company name not found
tableau_466,Company name not found
tableau_467,Playlab
tableau_468,Company name not found
tableau_469,Company name not found
tableau_470,Company name not found
tableau_471,EMC
tableau_472,SuperData
tableau_473,Neue Zürcher Zeitung
tableau_474,Company name not found
tableau_475,Mediaschneider
tableau_476,Company name not found
tableau_477,Company name not found
tableau_478,Company name not found
tableau_479,Key Data Consulting
tableau_480,Company name not found
tableau_481,Company name not found
tableau_482,Company name not found
tableau_483,Company name not found
tableau_484,Company name not found
tableau_485,Your Salary vs. a MLB Player's Salary 
tableau_486,Gutefrage.net
tableau_487,Company name not found
tableau_488,Company name not found
tableau_489,Indiana University
tableau_490,Company name not found
tableau_491,Company name not found
tableau_492,Company name not found
tableau_493,Company name not found
tableau_494,Company name not found
tableau_495,Company name not found
tableau_496,Company name not found
tableau_497,Bridgei2i
tableau_498,AeroMéxico
tableau_499,SYSTEX Corporation
tableau_500,amaysim
tableau_501,Company name not found
tableau_502,Company name not found
tableau_503,Company name not found
tableau_504,JetSuite
tableau_505,Company name not found
tableau_506,HotelQuickly
tableau_507,Company name not found
tableau_508,Company name not found
tableau_509,Company name not found
tableau_510,Spil Games
tableau_511,Vente-Exclusive
tableau_512,MainPower
tableau_513,Company name not found
tableau_514,Company name not found
tableau_515,Company name not found
tableau_516,Company name not found
tableau_517,Company name not found
tableau_518,Company name not found
tableau_519,Company name not found
tableau_520,Company name not found
tableau_521,Company name not found
tableau_522,Rakuten
tableau_523,Company name not found
tableau_524,ASTRAFOX SP Z O O
tableau_525,Company name not found
tableau_526,BANDAI NAMCO Entertainment
tableau_527,Company name not found
tableau_528,"Eveready Industries India, Ltd (EIIL) "
tableau_529,Company name not found
tableau_530,Company name not found
tableau_531,Company name not found
tableau_532,Company name not found
tableau_533,Company name not found
tableau_534,Company name not found
tableau_535,Shanghai University of Finance and Economics
tableau_536,Company name not found
tableau_537,Texas Rangers
tableau_538,Company name not found
tableau_539,Company name not found
tableau_540,Company name not found
tableau_541,Company name not found
tableau_542,Company name not found
tableau_543,Company name not found
tableau_544,Company name not found
tableau_545,Company name not found
tableau_546,Company name not found
tableau_547,Company name not found
tableau_548,Company name not found
tableau_549,Company name not found
tableau_550,Company name not found
tableau_551,Company name not found
tableau_552,Company name not found
tableau_553,Company name not found
tableau_554,Company name not found
tableau_555,Company name not found
tableau_556,Company name not found
tableau_557,Brooklyn Public Library
tableau_558,Teradata
tableau_559,Company name not found
tableau_560,SOTEC GmbH+Co KG
tableau_561,Company name not found
tableau_562,Company name not found
tableau_563,Company name not found
tableau_564,Far EasTone Telecommunications
tableau_565,Company name not found
tableau_566,Company name not found
tableau_567,Vertica
tableau_568,Allrecipes
tableau_569,Company name not found
tableau_570,Company name not found
tableau_571,Company name not found
tableau_572,Company name not found
tableau_573,Company name not found
tableau_574,BackSpace SpA
tableau_575,Company name not found
tableau_576,Shopitize
tableau_577,"InterWorks, Inc."
tableau_578,Marklogic Corporation
tableau_579,The Information Lab
tableau_580,Infotopics B.V.
tableau_581,Company name not found
tableau_582,Aeria Games
tableau_583,Company name not found
tableau_584,Company name not found
tableau_585,Lift12
tableau_586,Company name not found
tableau_587,Company name not found
tableau_588,Company name not found
tableau_589,Inivio
tableau_590,Company name not found
tableau_591,Company name not found
tableau_592,Company name not found
tableau_593,Company name not found
tableau_594,GameFly
tableau_595,Company name not found
tableau_596,Company name not found
tableau_597,World Wide Technology
tableau_598,Intermountain Healthcare
tableau_599,Company name not found
tableau_600,InsideTrack
tableau_601,Tantus Technologies 
tableau_602,South Carolina Campaign to Prevent Teen Pregnancy 
tableau_603,Health Media Collaboratory
tableau_604,Marico
tableau_605,Company name not found
tableau_606,Company name not found
tableau_607,Company name not found
tableau_608,St. George’s Healthcare NHS Trust
tableau_609,Copa Airlines
tableau_610,Celebration Health
tableau_611,Company name not found
tableau_612,Progressive Insurance
tableau_613,Company name not found
tableau_614,USEReady
tableau_615,Attivio
tableau_616,Seagate
tableau_617,Rosetta Stone
tableau_618,Kilwins
tableau_619,One Kings Lane
tableau_620,Company name not found
tableau_621,Princeton University
tableau_622,University of West Florida
tableau_623,Company name not found
tableau_624,Supervalu
tableau_625,Genesys
tableau_626,University of West Florida
tableau_627,ASM Research 
tableau_628,Usability Sciences
tableau_629,International Game Technology 
tableau_630,Merkle
tableau_631,Rede Bandeirantes
tableau_632,Company name not found
tableau_633,Company name not found
tableau_634,Company name not found
tableau_635,Genesys
tableau_636,Company name not found
tableau_637,Company name not found
tableau_638,SpareBank 1
tableau_639,E-Nor
tableau_640,Vertex Services
tableau_641,image
tableau_642,Company name not found
tableau_643,Company name not found
tableau_644,Company name not found
tableau_645,Company name not found
tableau_646,Valyoo
tableau_647,Company name not found
tableau_648,Company name not found
tableau_649,Company name not found
tableau_650,Company name not found
tableau_651,Company name not found
tableau_652,Company name not found
tableau_653,Company name not found
tableau_654,French Red Cross
tableau_655,Company name not found
tableau_656,Company name not found
tableau_657,Swedish Medical Center
tableau_658,Company name not found
tableau_659,Cars.com
tableau_660,ManpowerGroup Analytics
tableau_661,Company name not found
tableau_662,Company name not found
tableau_663,CLINTEL
tableau_664,Audience Audit
tableau_665,HomeRepair
tableau_666,Granja Regina
tableau_667,Company name not found
tableau_668,Puget Sound Business Journal
tableau_669,Company name not found
tableau_670,THOROGOOD ASSOCIATES LTD
tableau_671,Company name not found
tableau_672,Company name not found
tableau_673,Company name not found
tableau_674,Company name not found
tableau_675,Company name not found
tableau_676,Company name not found
tableau_677,Company name not found
tableau_678,Company name not found
tableau_679,Company name not found
tableau_680,Company name not found
tableau_681,The Information Lab
tableau_682,Company name not found
tableau_683,Company name not found
tableau_684,Company name not found
tableau_685,Company name not found
tableau_686,Company name not found
tableau_687,Company name not found
tableau_688,Company name not found
tableau_689,Company name not found
tableau_690,Company name not found
tableau_691,Company name not found
tableau_692,Citrix
tableau_693,Company name not found
tableau_694,Company name not found
tableau_695,Company name not found
tableau_696,Company name not found
tableau_697,Computerworld
tableau_698,Company name not found
tableau_699,Company name not found
tableau_700,Company name not found
tableau_701,Company name not found
tableau_702,Company name not found
tableau_703,Company name not found
tableau_704,Company name not found
tableau_705,Company name not found
tableau_706,Company name not found
tableau_707,Company name not found
tableau_708,Company name not found
tableau_709,Company name not found
tableau_710,Company name not found
tableau_711,Company name not found
tableau_712,Company name not found
tableau_713,Company name not found
tableau_714,Company name not found
tableau_715,Company name not found
tableau_716,Company name not found
tableau_717,Company name not found
tableau_718,Company name not found
tableau_719,Company name not found
tableau_720,Company name not found
tableau_721,Company name not found
tableau_722,Company name not found
tableau_723,Company name not found
tableau_724,Creighton University
tableau_725,Company name not found
tableau_726,Company name not found
tableau_727,Seattle Children's
tableau_728,Company name not found
tableau_729,Company name not found
tableau_730,Company name not found
tableau_731,Company name not found
tableau_732,Company name not found
tableau_733,Company name not found
tableau_734,Company name not found
tableau_735,Company name not found
tableau_736,Company name not found
tableau_737,Company name not found
tableau_738,Company name not found
tableau_739,Company name not found
tableau_740,Company name not found
tableau_741,Blastrac Manufacturing
tableau_742,Company name not found
tableau_743,Dallas Cowboys
tableau_744,Cornell University
tableau_745,Louisiana State University Health Sciences Center
tableau_746,Business Support Services
tableau_747,DePauw University
tableau_748,tableau data manipulation
tableau_749,Company name not found
tableau_750,Company name not found
tableau_751,Company name not found
tableau_752,Company name not found
tableau_753,Company name not found
tableau_754,Omega
tableau_755,Jacksonville State University
tableau_756,Company name not found
tableau_757,Company name not found
tableau_758,Company name not found
tableau_759,Company name not found
board_1,Coca-Cola European Partners
board_2,KPMG Germany
board_3,GSK Consumer Healthcare Italy
board_4,Hapag-Lloyd
board_5,Volkswagen Mexico
board_6,KFC UK
board_7,Naim Holdings Berhad
board_8,MLB Network
board_9,Gruppo Acea
board_10,Mega Lifesciences
board_11,Groupe SEB
board_12,Å Energi
board_13,Euronics
board_14,T&S Brass and Bronze
board_15,Syngenta Italy
board_16,KUKA Robotics
board_17,Odido
board_18,Banco BPM
board_19,Laerdal
board_20,Toyota Motor Europe
board_21,Mitsubishi Electric
board_22,Queensland Airports
board_23,BlueCross
board_24,Tetra Pak
board_25,Edeka
board_26,Gruppo Poli
board_27,PPHE Hotel Group
board_28,Quorn Foods
board_29,bofrost*
board_30,Grocer Coop Supermarkten
board_31,Mahou-San Miguel
board_32,Rummo
board_33,Boiron
board_34,Slowear
board_35,KOS Group
board_36,GTS Freight Management
board_37,Sogegross
board_38,Bankwest
board_39,Pixartprinting
board_40,StarKist
board_41,Macquarie Telecom Group
board_42,Ability Options
board_43,Altium
board_44,OTC Industrial Technologies
board_45,Avaloq
board_46,Harry & David
board_47,RTL
board_48,Biobest
board_49,Delos Power
board_50,Flughafen Berlin Brandenburg
board_51,Landeshauptstadt Kiel
board_52,Cheesecake Factory Incorporated
board_53,Merz Lifecare
board_54,Nationwide
board_55,Syngenta Biologicals
board_57,Japan Exchange Group
board_58,Banca d'Alba
board_59,City Harvest
board_60,Phoenix Contact
board_61,Villeroy & Boch
board_62,kohlpharma
board_63,American Refining Group
board_64,Burberry
board_65,The North West Switzerland University of Applied Sciences
board_66,POLO
board_67,s.Oliver
board_68,Aurubis
board_69,Eisai
board_70,Stadtwerke Leipzig
board_71,Betty Barclay
board_72,ANDBANK
board_73,Eisai
board_74,Riri
board_75,Rossdown Farms
board_76,ImagineX
board_77,NEVEON
board_78,Bata
board_79,Kirin Group
board_80,L&Q
board_81,Bata
board_82,Harvey Nichols
board_83,Toyota Motor Europe
board_84,Forico
board_89,Robinson Club GmbH
board_90,Hooters of America
board_91,Petuna
board_92,SPL Tele
board_93,Tech Mahindra
board_94,Budenheim
board_96,MTF Biologics
board_97,Takko Fashion
board_98,Lufthansa City Center
board_99,BARC
board_101,INNOTECH
board_102,RZB
board_103,Distillerie Franciacorta
board_104,Rossdown Farms
board_105,Rossdown Farms
board_107,HOLTER Group
board_108,Privatbrauerei Zwettl
board_110,COVALCO
board_112,Robinson Club GmbH
board_113,STIEBEL ELTRON
board_114,L&Q Housing Association
board_115,London & Quadrant Housing Trust
board_116,New England Seafood
board_124,Automotive Cells Company
board_125,Jacobs Douwe Egberts
board_126,Laita
board_127,New England Seafood
board_128,Spirits Platform
board_129,Taylors Wines
board_130,STRATO
board_131,OKQ8
board_132,Swim USA
board_133,Euronext
board_134,Ovako
board_137,The Wonderbox Group
board_138,Sweaty Betty
board_139,RUNGIS express GmbH
board_140,Missoni
board_141,Citadel
board_145,Hillbrook Anglican School
board_146,United Energy
board_147,WaterAid
board_148,Baptcare
board_149,Wacoal Europe
board_150,BTG
board_151,Ainscough Crane Hire
board_152,Frontline Insurance
board_153,M.T. Maritime
board_154,Jamaica Public Service Company Ltd.
board_155,Board Benelux
board_156,Goldbeck
board_157,CHT
board_158,L’Oréal
board_159,GERRY WEBER
board_161,Schwarzmuller Group
board_162,Berger Gruppe
board_163,Kneipp
board_164,SBB Cargo International
board_165,URSAPHARM
looker_1,acciona mobility
looker_2,rezco alisexchange
looker_3,altavia
looker_4,americanas sa
looker_5,arpeely
looker_6,banco de credito del peru
looker_7,bepro
looker_8,bit capital
looker_9,bmg
looker_10,boa vista servicos
looker_11,bonvies
looker_12,broad institute
looker_13,bueno
looker_14,commerzbankag
looker_15,coop alleanza
looker_16,coop
looker_17,cubo ai
looker_18,dcard
looker_19,drizly
looker_20,emoney
looker_21,flashpoint
looker_22,fortenova
looker_23,futureplay
looker_24,go jek
looker_25,gospotcheck
looker_26,grao de gente
looker_27,habi
looker_28,hsbc
looker_29,ifit
looker_30,jhu bios
looker_31,legaut
looker_32,lemonade
looker_33,mandm direct
looker_34,metro
looker_35,sky uk
looker_36,sunrun
looker_37,target
looker_38,tassat
looker_39,vivino
looker_40,17live
looker_41,33bondi
looker_42,365scores
looker_43,3pm
looker_44,7learnings
looker_45,90 seconds
looker_46,99 co
looker_47,a2a
looker_48,abinbev pluto7
looker_49,ab tasty
looker_50,abtastyml
looker_51,abastece ai
looker_52,ach colombia
looker_53,acko
looker_54,aclima
looker_55,acordo certo
looker_56,adeo
looker_57,adeocgi
looker_58,adeo group
looker_59,adeo services
looker_60,adloox
looker_61,adlucent
looker_62,affable
looker_63,11
looker_64,aftership
looker_65,agriness
looker_66,agrodatai
looker_67,customers
looker_68,airasia
looker_69,airbus
looker_70,airwallex
looker_71,akeneo
looker_72,01
looker_73,algoan
looker_74,customers
looker_75,customers
looker_76,american eagle outfitters
looker_77,analitica
looker_78,anaplan
looker_79,customers
looker_80,anymind group gcp
looker_81,aodocs
looker_82,apester
looker_83,apex america
looker_84,customers
looker_85,apxor
looker_86,arcules
looker_87,area 1 security
looker_88,arek
looker_89,asahi
looker_90,ascend money gcp
looker_91,asml
looker_92,asml microchip
looker_93,assurance iq
looker_94,atb
looker_95,atb bigquery
looker_96,athena breast health network
looker_97,customers
looker_98,atom bank
looker_99,attraqt
looker_100,augury
looker_101,auka
looker_102,auteco mobility
looker_103,autheos
looker_104,auto trader
looker_105,autogrill
looker_106,autogrill2023
looker_107,awoo
looker_108,axa switzerland
looker_109,azdelta
looker_110,04
looker_111,banca mediolanum
looker_112,banco abc brasil
looker_113,banco bv
looker_114,banqueedel
looker_115,bbm creative media works
looker_116,bbva
looker_117,bending spoons
looker_118,beneficio facil
looker_119,benetton
looker_120,best day
looker_121,bharat light and power
looker_122,billie
looker_123,birdz sfeir
looker_124,customers
looker_125,blablacar
looker_126,blacklight studio works
looker_127,blibli com
looker_128,blue apron
looker_129,customers
looker_130,body and fit
looker_131,bonnier publications
looker_132,bonprix
looker_133,boodmo
looker_134,boutir
looker_135,braincorp
looker_136,brandfolder
looker_137,brandwatch
looker_138,breaktime
looker_139,breezometer
looker_140,breuninger
looker_141,brightfield
looker_142,brightinsight
looker_143,briscoegroup
looker_144,bulder bank
looker_145,burger king germany
looker_146,butik owox bi
looker_147,cabify
looker_148,camanchaca
looker_149,canadian tire
looker_150,car next door
looker_151,carousell
looker_152,carrefour belgium
looker_153,carrefour gcve
looker_154,cart
looker_155,casa della salute
looker_156,casa dos ventos
looker_157,cashbook
looker_158,castbox
looker_159,cerc
looker_160,chainstack
looker_161,changing ai
looker_162,customers
looker_163,customers
looker_164,breuninger
looker_165,brightfield
looker_166,brightinsight
looker_167,briscoegroup
looker_168,bulder bank
looker_169,burger king germany
looker_170,butik owox bi
looker_171,cabify
looker_172,camanchaca
looker_173,canadian tire
looker_174,car next door
looker_175,carousell
looker_176,carrefour belgium
looker_177,carrefour gcve
looker_178,cart
looker_179,casa della salute
looker_180,casa dos ventos
looker_181,cashbook
looker_182,castbox
looker_183,cerc
looker_184,chainstack
looker_185,changing ai
looker_186,customers
looker_187,customers
looker_188,customers
looker_189,customers
looker_190,chope
looker_191,choreograph
looker_192,cicil
looker_193,citizens advice manchester
looker_194,citrusad
looker_195,customers
looker_196,cl
looker_197,clarify
looker_198,customers
looker_199,classi
looker_200,clear labs
looker_201,cleartrip
looker_202,climacell
looker_203,clipchamp
looker_204,cme group
looker_205,cna
looker_206,codeway
looker_207,customers
looker_208,coinhako
looker_209,colegio uirapuru
looker_210,colopl
looker_211,colorado center for personalized medicine
looker_212,comair
looker_213,commercetools
looker_214,customers
looker_215,commonwealth ma
looker_216,convirza
looker_217,conx
looker_218,coolblue
looker_219,corab
looker_220,corteva
looker_221,costway
looker_222,craveable brands
looker_223,credit ok
looker_224,croct
looker_225,cybelangel
looker_226,dagangan
looker_227,deep sky vineyard
looker_228,degoo
looker_229,delivery hero
looker_230,delonghi
looker_231,descartes labs
looker_232,desktop genetics
looker_233,deutsche boerse
looker_234,dexterenergy
looker_235,dia
looker_236,dialpad
looker_237,die presse
looker_238,digitec galaxus
looker_239,customers
looker_240,customers
looker_241,customers
looker_242,doctor anywhere
looker_243,docxonomy
looker_244,dolphin technologies
looker_245,dominos
looker_246,dotdot
looker_247,dotz
looker_248,dotz inc
looker_249,dow jones
looker_250,dsi
looker_251,apigee
looker_252,customers
looker_253,early birds
looker_254,easycredito
looker_255,echostar
looker_256,elevate tech
looker_257,elvia
looker_258,emarsys
looker_259,customers
looker_260,energyworx
looker_261,engie
looker_262,eniax
looker_263,entur
looker_264,epidemic sound
looker_265,eprofessional
looker_266,e on
looker_267,e on italia
looker_268,customers
looker_269,eshopbox
looker_270,etsy
looker_271,euromaster
looker_272,everflow
looker_273,everon
looker_274,evolutio
looker_275,e xyon
looker_276,facile it
looker_277,faire
looker_278,falabella com
looker_279,ferrero
looker_280,filoblu
looker_281,finnomena
looker_282,fit analytics
looker_283,fluidly
looker_284,flywheel
looker_285,fontana gruppo
looker_286,fonyou
looker_287,forbes
looker_288,fort bend isd
looker_289,customers
looker_290,fortics
looker_291,fpm
looker_292,freetrade
looker_293,frichti
looker_294,customers
looker_295,freshworks
looker_296,friendtimes
looker_297,customers
looker_298,gamebear
looker_299,gameberry
looker_300,gamned
looker_301,gannett
looker_302,geev
looker_303,genero
looker_304,geotab
looker_305,geotab planning solution
looker_306,getquanty
looker_307,gft
looker_308,gitlab
looker_309,global fishing watch
looker_310,global payments gcp
looker_311,globe telecom
looker_312,globus
looker_313,glowforge
looker_314,goapptiv
looker_315,gocardless
looker_316,gocardless looker
looker_317,gogox
looker_318,gohenry
looker_319,good friday appeal
looker_320,gorillas
looker_321,grasshopper
looker_322,greedy game
looker_323,groupe le monde
looker_324,customers
looker_325,groupnexus
looker_326,groww
looker_327,grupo folha
looker_328,grupo soma
looker_329,grushome
looker_330,haaretz
looker_331,halfbrick studios
looker_332,hanes australasia
looker_333,happn
looker_334,hare digital
looker_335,harness looker
looker_336,harver
looker_337,customers
looker_338,hca
looker_339,healthshare
looker_340,herfy
looker_341,hermin textile
looker_342,hike
looker_343,hitachi
looker_344,hivebrite
looker_345,hk express
looker_346,hoff
looker_347,customers
looker_348,hopi
looker_349,hsbc risk advisory tool
looker_350,hhgalaxy
looker_351,humanitix
looker_352,hunkemoller
looker_353,huq
looker_354,hygia saude
looker_355,ices
looker_356,idonia
looker_357,idparc
looker_358,igenius
looker_359,igloo
looker_360,igloo insurtech
looker_361,ijsvogel
looker_362,il meteo
looker_363,imagia
looker_364,customers
looker_365,customers
looker_366,ingedata
looker_367,inkr
looker_368,innovorder
looker_369,inshorts
looker_370,insight timer
looker_371,inspectorio
looker_372,instal
looker_373,instantsearchplus
looker_374,nci nih
looker_375,integragen
looker_376,intergamma
looker_377,inuxumedia
looker_378,invoke learning
looker_379,iotex
looker_380,ipoca
looker_381,customers
looker_382,itbm
looker_383,itv
looker_384,jrg
looker_385,customers
looker_386,jayride
looker_387,jb hi fi
looker_388,jobrapido
looker_389,joblift
looker_390,jobtome
looker_391,jucy
looker_392,just eat
looker_393,justkitchen
looker_394,kadaxis
looker_395,customers
looker_396,kapten
looker_397,karma
looker_398,kbtg
looker_399,kata ai
looker_400,keap
looker_401,usc
looker_402,khan academy
looker_403,ki insurance
looker_404,kings stella
looker_405,kings transport
looker_406,kinsta
looker_407,kipp
looker_408,klausapp
looker_409,knolskape
looker_410,knorex
looker_411,kofera
looker_412,kooth
looker_413,krikey
looker_414,kronoshop
looker_415,krystal
looker_416,kumu
looker_417,kdc
looker_418,l l bean
looker_419,landbay
looker_420,laurens
looker_421,leadpages
looker_422,les echos
looker_423,libeo
looker_424,librodepases
looker_425,lifesight
looker_426,lightricks
looker_427,line games
looker_428,liquidshare
looker_429,lixil
looker_430,logograb
looker_431,loveholidays
looker_432,loyal guru
looker_433,customers
looker_434,lufthansa
looker_435,lumapps
looker_436,lytics
looker_437,customers
looker_438,machinemax
looker_439,macquarie bank
looker_440,madeiramadeira
looker_441,madsack
looker_442,magicpin
looker_443,mailjet
looker_444,maisons du monde
looker_445,mlb
looker_446,makerbot
looker_447,malt
looker_448,managedmethods
looker_449,mandm direct
looker_450,mantel group
looker_451,marblex
looker_452,customers
looker_453,maven wave
looker_454,max life insurance
looker_455,maxedacapgemini
looker_456,mc
looker_457,customers
looker_458,md insider
looker_459,meditech
looker_460,medvarsity
looker_461,meitu
looker_462,melsoft
looker_463,customers
looker_464,mercado bitcoin
looker_465,mercari
looker_466,mercari looker
looker_467,meredith
looker_468,merkle science
looker_469,mesquite
looker_470,metro
looker_471,micepad
looker_472,microba
looker_473,microwork softwares
looker_474,migrate
looker_475,millionvictories
looker_476,mindvalley
looker_477,minka
looker_478,mirrormedia
looker_479,mitsubishi heavy industries
looker_480,mitsubishi motors
looker_481,mitsui
looker_482,mlb looker
looker_483,mktech
looker_484,mlytics
looker_485,mmb software
looker_486,moderna
looker_487,molocokr
looker_488,momspresso
looker_489,mondelez
looker_490,moneysupermarket
looker_491,moneysupermarket data
looker_492,customers
looker_493,customers
looker_494,07
looker_495,mulberry
looker_496,multiplay
looker_497,multiscale health
looker_498,muru music health
looker_499,mutua madrilena
looker_500,mutualser
looker_501,mycujoo
looker_502,myralis
looker_503,customers
looker_504,mytelescope
looker_505,nana
looker_506,nansen
looker_507,narvar
looker_508,national institute for health innovation
looker_509,national institute on aging
looker_510,nativex
looker_511,natwest markets
looker_512,news uk
looker_513,nextbillion ai
looker_514,nextgen healthcare
looker_515,nico lab
looker_516,ninja van
looker_517,customers
looker_518,nomanini
looker_519,noon com
looker_520,nordward
looker_521,03
looker_522,northrop grumman
looker_523,customers
looker_524,novafutur
looker_525,noxxon sat
looker_526,nozzle
looker_527,nplan
looker_528,ntuc income
looker_529,nubbius
looker_530,nuna
looker_531,nyc cyber command
looker_532,objenious
looker_533,one
looker_534,oden technologies
looker_535,ofx quantexa
looker_536,ogtic
looker_537,omise
looker_538,omneo
looker_539,on
looker_540,on center software
looker_541,oncrawl
looker_542,onead
looker_543,openx
looker_544,openassessmenttechnologiestao
looker_545,orange poland
looker_546,ota insight
looker_547,oxylabs
looker_548,oyedrops
looker_549,paack
looker_550,pace revenue
looker_551,packlink
looker_552,pagalguy
looker_553,pahamify
looker_554,pancakeswap
looker_555,panorays
looker_556,pantheon
looker_557,pantheonlab
looker_558,papercut
looker_559,paradise valley
looker_560,parkplus
looker_561,pasarpolis
looker_562,paymentsense
looker_563,pchome
looker_564,pedidosya
looker_565,peek cloppenburg
looker_566,pega
looker_567,pendo
looker_568,pendo looker
looker_569,perimeterx
looker_570,customers
looker_571,philipshue
looker_572,pingcap
looker_573,pitney bowes
looker_574,pivotal
looker_575,customers
looker_576,pizza hut
looker_577,pizza hut india
looker_578,planet
looker_579,planhat
looker_580,platform161
looker_581,playground xyz
looker_582,plentific
looker_583,podo
looker_584,polydice
looker_585,pops worldwide
looker_586,portal telemedicina gcp
looker_587,portto
looker_588,powerofdata
looker_589,power ledger
looker_590,pps
looker_591,pravaler
looker_592,presslogic
looker_593,priceline
looker_594,prisa group
looker_595,propertyguru
looker_596,proximis
looker_597,publift
looker_598,purduejtrp
looker_599,customers
looker_600,purplle2022
looker_601,pvr
looker_602,qopius
looker_603,qtum
looker_604,quandoo
looker_605,customers
looker_606,rackspace
looker_607,raisely
looker_608,customers
looker_609,rapido
looker_610,ravelin
looker_611,rayark
looker_612,rea group asia
looker_613,reachfive
looker_614,realmassive
looker_615,rebel foods
looker_616,recruit
looker_617,recursion
looker_618,redsalud
looker_619,reeport
looker_620,regrow ag
looker_621,customers
looker_622,customers
looker_623,remy cointreau
looker_624,rewedigital
looker_625,rezco siatik systems
looker_626,rheinische post
looker_627,rna digital
looker_628,rocketium
looker_629,rodan fields
looker_630,roit
looker_631,customers
looker_632,route4me
looker_633,royalcaribbean
looker_634,ruangguru
looker_635,samudera
looker_636,sandboxvr
looker_637,sandvik
looker_638,sanity
looker_639,sara assicurazioni
looker_640,satair
looker_641,scg
looker_642,seaart
looker_643,search io
looker_644,scoopwhoop
looker_645,screenz
looker_646,sdmc
looker_647,searce
looker_648,seb
looker_649,sebx
looker_650,seetree
looker_651,sefamerve
looker_652,customers
looker_653,senex
looker_654,sensormatic
looker_655,senspark
looker_656,sentient io
looker_657,slca
looker_658,sesame
looker_659,sgbbank
looker_660,shareable apps
looker_661,sharechat
looker_662,customers
looker_663,customers
looker_664,01
looker_665,shopline
looker_666,shopee taiwan
looker_667,simply business
looker_668,simplifield
looker_669,simprints
looker_670,customers
looker_671,sinyirealty
looker_672,sirclo
looker_673,skyworth
looker_674,sleekr
looker_675,smartcoin
looker_676,smart parking
looker_677,smyths toys
looker_678,sodimac
looker_679,softonic
looker_680,sony music
looker_681,soundcommerce
looker_682,south china morning post
looker_683,south east water
looker_684,spendee
looker_685,spiraledge
looker_686,spoke
looker_687,sport singapore
looker_688,splashgain
looker_689,sqm
looker_690,stanford cni and vista lab
looker_691,starling bank
looker_692,02
looker_693,customers
looker_694,state auto insurance companies
looker_695,state of oklahoma omes
looker_696,stepsetgo
looker_697,stime les mousquetaires
looker_698,stitch labs
looker_699,stl
looker_700,storytel
looker_701,strise ai
looker_702,stubhub
looker_703,style theory
looker_704,styli
looker_705,subaru
looker_706,sulamerica
looker_707,sulamerica ipnet
looker_708,sulamerica seguros
looker_709,sunway group
looker_710,superevilmegacorp
looker_711,suzano
looker_712,customers
looker_713,systeme u
looker_714,systeme u
looker_715,tail
looker_716,talend
looker_717,talgo
looker_718,tamr
looker_719,tango
looker_720,tb international
looker_721,tchibo
looker_722,tchibogmbh
looker_723,teads
looker_724,teamsnap
looker_725,spacefarm
looker_726,tecnomotum
looker_727,techreo
looker_728,teemo
looker_729,telecom argentina
looker_730,telefonica
looker_731,telewizjapolska
looker_732,telus
looker_733,tembici
looker_734,tenderly
looker_735,masmovil
looker_736,state of hawaii
looker_737,ubc
looker_738,tidas
looker_739,tiket com
looker_740,tiki en
looker_741,tokopedia
looker_742,toolstation
looker_743,tonik
looker_744,toppaninc
looker_745,trackier
looker_746,trackingtrade
looker_747,tranzzo
looker_748,travelgatex
looker_749,customers
looker_750,travis perkins
looker_751,travis perkinsplc
looker_752,travix
looker_753,travix migration
looker_754,travlytix
looker_755,trax
looker_756,triarq
looker_757,trigo
looker_758,trii
looker_759,truecaller
looker_760,trustpilot
looker_761,tui
looker_762,tulip
looker_763,tvs
looker_764,twiddy
looker_765,tyba
looker_766,typito
looker_767,07
looker_768,uala
looker_769,uberflip
looker_770,ucura
looker_771,uipath
looker_772,ultabeauty
looker_773,umbo computer vision
looker_774,unabiz
looker_775,unibail rodamco westfield
looker_776,unicajabanco
looker_777,unicef
looker_778,university of edinburgh
looker_779,untienots
looker_780,up42
looker_781,upwire
looker_782,uservers
looker_783,uswitch
looker_784,utah division of wildlife resources
looker_785,uw
looker_786,vanderbilt university
looker_787,customers
looker_788,veolia group
looker_789,versa
looker_790,vestiaire collective
looker_791,vexere
looker_792,viant
looker_793,viant slalom
looker_794,customers
looker_795,villeroy boch
looker_796,vidio
looker_797,vidyo
looker_798,virtuo
looker_799,customers
looker_800,vodeno
looker_801,voot
looker_802,vuclip
looker_803,vwo
looker_804,warung pintar
looker_805,customers
looker_806,wawayu
looker_807,wayfair
looker_808,wellframe looker
looker_809,wellio
looker_810,westlake financial services
looker_811,customers
looker_812,whisper
looker_813,customers
looker_814,world surf league
looker_815,wp engine
looker_816,wpromote
looker_817,yalo
looker_818,yassir
looker_819,yile
looker_820,xd
looker_821,yorkshire and humber care
looker_822,zalando
looker_823,zeemart
looker_824,zenconnect
looker_825,zenly
looker_826,zeotap
looker_827,zsl
looker_828,zync
looker_829,customers
powerbi_1,Air India
powerbi_2,ABN AMRO
powerbi_3,Direct Customer Solutions
powerbi_4,Deutsche Boerse Systems AG
powerbi_5,Wipro Ltd
powerbi_6,Memphis-Shelby County Schools
powerbi_7,Treasury Curve
powerbi_8,ELES
powerbi_9,Cafs
powerbi_10,Kyndryl
powerbi_11,CompuData
powerbi_12,DOCUNITE GMBH
powerbi_13,CANOPIUS MANAGING AGENTS LTD
powerbi_14,Coca-Cola Vietnam
powerbi_15,Hastings Direct
powerbi_16,Qatar Post
powerbi_17,Medtronic
powerbi_18,Northrop & Johnson
powerbi_19,MONETA Money Bank
powerbi_20,Datex
powerbi_21,Al Babtain Group
powerbi_22,E.ON
powerbi_23,RepsMate
powerbi_24,Hellenic Bank
powerbi_25,Sasfin Bank
powerbi_26,Arada
powerbi_27,One NZ
powerbi_28,Centrica
powerbi_29,Las Vegas Raiders
powerbi_30,MHP
powerbi_31,EY
powerbi_32,Erich Netzsch GmbH & Co. Holding KG
powerbi_33,Junior Achievement USA
powerbi_34,Tiryaki Agro
powerbi_35,STERNET
powerbi_36,IFAD (International Fund for Agriculture Development)
powerbi_37,RSM
powerbi_38,Claro
powerbi_39,First National Bank
powerbi_40,King Price Life Insurance
powerbi_41,Klockner Pentaplast
powerbi_42,HB Antwerp
powerbi_43,Sportily
powerbi_44,Enerjisa Üretim
powerbi_45,De Heus
powerbi_46,Arraya Solutions
powerbi_47,Arvato
powerbi_48,ABN AMRO
powerbi_49,Environment Agency
powerbi_50,Anglian Water
powerbi_51,EY
powerbi_52,Milliman
powerbi_53,Atrium Quality Contractors
powerbi_54,ZEISS Group
powerbi_55,Düzey
powerbi_56,Conagra Brands
powerbi_57,Degrees of Change
powerbi_58,Arvato
powerbi_59,Cube RM
powerbi_60,NTT DATA Business Solutions
powerbi_61,E.ON Italy
powerbi_62,Presidio
powerbi_63,Hartmann's
powerbi_64,Epiq
powerbi_65,SPAR
powerbi_66,"ECS Federal, LLC (ECS)"
powerbi_67,Pazo
powerbi_68,Aster Insights
powerbi_69,Petrosea
powerbi_70,INPEX CORPORATION
powerbi_71,Kotsovolos-Dixons South East Europe
powerbi_72,Peel Region
powerbi_73,FedEx
powerbi_74,Hokkoku Bank
powerbi_75,PETRONAS
powerbi_76,Infosys Limited
powerbi_77,XContent Business Solutions
powerbi_78,HEINEKEN
powerbi_79,Barnsley Hospital NHS Foundation Trust
powerbi_80,Marlo Farma
powerbi_81,TIS Inc.
powerbi_82,OMERS (Ontario Municipal Employees’ Retirement System)
powerbi_83,SJS International
powerbi_84,Athens University of Economics and Business (AUEB)
powerbi_85,Caribbean Development Bank
powerbi_86,ALTANA AG
powerbi_87,Syracuse University School of Information Studies
powerbi_88,Eckes-Granini Group GmbH
powerbi_89,Home Trust Co.
powerbi_90,REVA University
powerbi_91,CTT - Correios de Portugal
powerbi_92,Dixie Electric Membership Company
powerbi_93,DTEK
powerbi_94,Somany Impresa Group
powerbi_95,Techspace
powerbi_96,The Kraft Heinz Company
powerbi_97,Nestlé
powerbi_98,AXA
powerbi_99,Epiroc
powerbi_100,"Proterial, Ltd."
powerbi_101,Brabant Water
powerbi_102,memoQ
powerbi_103,ABN AMRO BANK
powerbi_104,Provincial Health Services Authority
powerbi_105,Générale Pour l’Enfant
powerbi_106,SA Power Networks
powerbi_107,Herbelin
powerbi_108,Dialog Information Technology
powerbi_109,MCS Group
powerbi_110,Jacobs Solutions
powerbi_111,Universiti Malaysia Sabah (UMS)
powerbi_112,ASCORP
powerbi_113,FORVAL CORPORATION
powerbi_114,LaLiga
powerbi_115,Kantar
powerbi_116,EDP
powerbi_117,Politecnico di Milano
powerbi_118,University of South Florida
powerbi_119,Zurich Insurance Group
powerbi_120,Washington Metro Area Transit Authority
powerbi_121,Saudi Airlines Catering Company
powerbi_122,DocuWare
powerbi_123,Ridgelinez株式会社 (Ridgelinez Limited)
powerbi_124,Ukrenergo
powerbi_125,Statistical Office of Republic of Serbia
powerbi_126,CooperSurgical
powerbi_127,ClinChoice
powerbi_128,AmRest
powerbi_129,WaterAid
powerbi_130,Natuzzi
powerbi_131,Celli Group
powerbi_132,PWN
powerbi_133,Sandvik Coromant
powerbi_134,Chop Cheong Bee
powerbi_135,Majid Al Futtaim
powerbi_136,Bodibasixs
powerbi_137,Los Angeles County Public Defender’s Office
powerbi_138,Stopwatch
powerbi_139,Coşkunöz Metal Form
powerbi_140,Morgan Sindall Property Services
powerbi_141,Natuzzi
powerbi_142,Dentsu
powerbi_143,Breville
powerbi_144,BWT Alpine F1 Team®
powerbi_145,Health First
powerbi_146,ERM
powerbi_147,City of Houston Fire Department
powerbi_148,Bedrosians Tile & Stone
powerbi_149,Halwani Brothers Egypt
powerbi_150,Unilever
powerbi_151,HSBC
powerbi_152,Kent Outdoors
powerbi_153,Goals101
powerbi_154,Ahold Delhaize
powerbi_155,The Contingent
powerbi_156,Portugal Ministry of Health
powerbi_157,Dr. August Oetker Nahrungsmittel KG
powerbi_158,Broward College
powerbi_159,Société Canal de Provence
powerbi_160,CAI
powerbi_161,Edgewell Personal Care
powerbi_162,Bartek Ingredients
powerbi_163,GitHub
powerbi_164,Doukas School
powerbi_165,Nagel-Group
powerbi_166,Co-op Group
powerbi_167,New Jersey Department of Community Affairs
powerbi_168,Emrill Services
powerbi_169,Manor AG
powerbi_170,Municipality Alkmaar
powerbi_171,"Yusen Logistics (China) Co., Ltd."
powerbi_172,Welocalize
powerbi_173,Versar Inc.
powerbi_174,First Nations Health Authority
powerbi_175,Microsoft Corporation
powerbi_176,Dr. August Oetker Nahrungsmittel KG
powerbi_177,Santeon
powerbi_178,Hush Puppies
powerbi_179,Logisfashion
powerbi_180,St. Luke's University Health Network
powerbi_181,Washington State Department of Natural Resources
powerbi_182,Real Madrid C.F.
powerbi_183,Profi
powerbi_184,Marks & Spencer
powerbi_185,Gulf Agency Company
powerbi_186,Becton Dickinson
powerbi_187,OECD
powerbi_188,SEGES Innovation
powerbi_189,Agromillora
powerbi_190,AG Insurance
powerbi_191,Franklin Templeton
powerbi_192,Raiffeisen Bank Serbia
powerbi_193,Canvas Worldwide
powerbi_194,Repsol
powerbi_195,HELLENiQ ENERGY Group of Companies
powerbi_196,NTT Ltd
powerbi_197,Cambridgeshire and Peterborough NHS Foundation Trust
powerbi_198,The Children’s Mercy Research Institute
powerbi_199,Nagarro
powerbi_200,Logisfashion
powerbi_201,Ingeus
powerbi_202,Suramericana S.A.
powerbi_203,ZF Group
powerbi_204,Canal & River Trust
powerbi_205,Kurita Water Industries Ltd.
powerbi_206,IFCO SYSTEMS GmbH
powerbi_207,Bayer
powerbi_208,Rabobank
powerbi_209,New York City Department of Education
powerbi_210,BioMar
powerbi_211,VELUX
powerbi_212,Deutsche Bahn
powerbi_213,ZS Associates
powerbi_214,Hochschule Düsseldorf
powerbi_215,Taoyuan City Government
powerbi_216,bp
powerbi_217,Greenreb AG
powerbi_218,Rolls Royce
powerbi_219,Canadian Tire
powerbi_220,System Cleaners
powerbi_221,SSP Group
powerbi_222,SLB
powerbi_223,Mead Johnson Nutrition
powerbi_224,ATRAM
powerbi_225,SHUEISHA INC.
powerbi_226,Kurita Water Industries Ltd.
powerbi_227,Tourism Malaysia
powerbi_228,Pos Aviation
powerbi_229,Waverton Investment Management
powerbi_230,Dr. Pfleger Arzneimittel GmbH
powerbi_231,Rabobank
powerbi_232,Bayer AG
powerbi_233,SWICA
powerbi_234,Accuride GmbH
powerbi_235,Kambukka
powerbi_236,"New Mexico’s Special Supplemental Nutrition Program for Women, Infants, and Children (WIC)"
powerbi_237,relayr GmbH
powerbi_238,"Honda Performance Development, Inc."
powerbi_239,Balfour Beatty
powerbi_240,Relias
powerbi_241,T-Mobile
powerbi_242,Kuwait Integrated Petroleum Industries Company (KIPIC)
powerbi_243,Zurich Insurance Company Ltd
powerbi_244,Isabel Group
powerbi_245,South London Partnership
powerbi_246,Sutherland
powerbi_247,Orange County Superior Court
powerbi_248,Conagra Brands
powerbi_249,"The Municipalities of Sotenäs, Munkedal and Lysekil"
powerbi_250,Aga Khan University
powerbi_251,Colas Group
powerbi_252,ECHT Gastro Partner GmbH
powerbi_253,Delhaize Serbia
powerbi_254,NTT TechnoCross Corporation
powerbi_255,Atea
powerbi_256,L'Oreal
powerbi_257,Sasuchan Development Corporation: Takla Lake Limited Partnership
powerbi_258,Walmart
powerbi_259,CEC Bank
powerbi_260,Grupo Bimbo
powerbi_261,Techint E&C
powerbi_262,East London NHS Foundation Trust
powerbi_263,Michael Weinig AG
powerbi_264,Rx.Health
powerbi_265,Spy Alarms
powerbi_266,North Caspian Operating Company
powerbi_267,PGESCO
powerbi_268,IGEL Technology GmbH
powerbi_269,smapOne AG
powerbi_270,Aditya Birla Capital
powerbi_271,Porsche Holding
powerbi_272,Prince William County Public Schools
powerbi_273,P97 Networks
powerbi_274,Dow
powerbi_275,Amref
powerbi_276,KAJIMA CORPORATION
powerbi_277,"MITSUI & CO., LTD."
powerbi_278,Labour Inspectorate of the Republic of Slovenia (IRSD)
powerbi_279,SES
powerbi_280,Lenskart
powerbi_281,Asahi Kasei Corporation
powerbi_282,Leonard Cheshire
powerbi_283,Restaurant Division - Americana Group
powerbi_284,"CDG, Inc."
powerbi_285,Peace Parks Foundation
powerbi_286,Blaklader
powerbi_287,The Co-op
powerbi_288,GWC
powerbi_289,Al Tannan
powerbi_290,Oslo Agency for Health
powerbi_291,University of Surrey
powerbi_292,RapidDeploy
powerbi_293,University of North Carolina at Greensboro
powerbi_294,Dah Chong Hong
powerbi_295,Ultimation Industries
powerbi_296,Bahrain Public Transport Company
powerbi_297,VavaCars
powerbi_298,Chevron
powerbi_299,HELLENIC PETROLEUM Group
powerbi_300,HELLENIC PETROLEUM Group
powerbi_301,GN Store Nord A/S
powerbi_302,Cooler Screens
powerbi_303,McLaren Automotive
powerbi_304,Avans University of Applied Sciences
powerbi_305,"Kyowa Kirin Co., Ltd."
powerbi_306,Azersun Holding
powerbi_307,ESPN
powerbi_308,Plock GmbH
powerbi_309,Magicrete Building Solutions Pvt Ltd.
powerbi_310,Luzerner Kantonsspital
powerbi_311,Sanitas
powerbi_312,Falck
powerbi_313,CumulusPro
powerbi_314,3M
powerbi_315,VUS (Vietnam USA Society English Training Services Center)
powerbi_316,LBC Tank Terminals
powerbi_317,AB Inbev
powerbi_318,Luminous Power Technologies
powerbi_319,Wolverine Worldwide
powerbi_320,Green Kite Property Services Ltd
powerbi_321,Piramal Capital & Housing Finance Limited
powerbi_322,Spairliners
powerbi_323,Wellness Forever Medicare Limited
powerbi_324,Barnardo's
powerbi_325,Zurich Insurance Group
powerbi_326,Parloa GmbH
powerbi_327,Zeti
powerbi_328,Bausparkasse Schwäbisch Hall AG
powerbi_329,RBL Bank
powerbi_330,SURF
powerbi_331,Yale School of Medicine
powerbi_332,DOMCURA AG
powerbi_333,Climate for Life
powerbi_334,Conduent
powerbi_335,Kitchen Brains
powerbi_336,RBL Bank
powerbi_337,Slovenské elektrárne
powerbi_338,Support Black Charities
powerbi_339,VITAS Healthcare
powerbi_340,Equinor
powerbi_341,Campari
powerbi_342,The Hanover Insurance Group
powerbi_343,NOVA Chemicals
powerbi_344,Finastra
powerbi_345,PKP Energetyka
powerbi_346,Derbyshire Constabulary
powerbi_347,LaLiga
powerbi_348,Swiss Re
powerbi_349,Ferring Pharmaceuticals
powerbi_350,Emirates Group
powerbi_351,Grupo Bimbo
powerbi_352,Aquashield Europe
powerbi_353,Ardent Mills
powerbi_354,Vodafone
powerbi_355,Dinçer Lojistik
powerbi_356,ZF Group
powerbi_357,Catholic District School Board Of Eastern Ontario
powerbi_358,American Tire Distributors
powerbi_359,MV Transportation
powerbi_360,Carbery Group
powerbi_361,Taylor Wimpey
powerbi_362,Otto Bock HealthCare GmbH
powerbi_363,Ortec Finance
powerbi_364,Chevron
powerbi_365,The Real Green Food Co.
powerbi_366,Facq
powerbi_367,Techem GmbH
powerbi_368,VillageMD
powerbi_369,PriceWaterhouseCoopers (PWC)
powerbi_370,Jardine Engineering Corporation
powerbi_371,Ontic
powerbi_372,"Seven Bank, Ltd."
powerbi_373,Bollore Transports & Logistics
powerbi_374,Ahold Delhaize
powerbi_375,Sunweb
powerbi_376,Bosch
powerbi_377,Atos
powerbi_378,Meratus
powerbi_379,Mukuru Shared Services
powerbi_380,Chedid Capital
powerbi_381,Advertising Specialty Institute
powerbi_382,Best-Hall
powerbi_383,Dextra Group
powerbi_384,EAM GmbH & Co. KG
powerbi_385,ARM
powerbi_386,"Ministry of Economy, Trade and Industry"
powerbi_387,DP World
powerbi_388,PayPal
powerbi_389,Call2Recycle
powerbi_390,Multichoice Group
powerbi_391,Ferrovie dello Stato
powerbi_392,Indus Towers
powerbi_393,Phihong Technology
powerbi_394,Surrey and Borders
powerbi_395,Grupo Bimbo
powerbi_396,Jumbo Supermarkten BV
powerbi_397,Wichita Public Schools
powerbi_398,Axpo
powerbi_399,"ChemTreat, Inc."
powerbi_400,LBV
powerbi_401,National Council of State Boards of Nursing
powerbi_402,Millennium bcp
powerbi_403,Centrica
powerbi_404,Bahia Principe Hotels & Resorts
powerbi_405,Universidad Latina de Costa Rica
powerbi_406,Nivy Smartwatch
powerbi_407,"AdInte Co., Ltd."
powerbi_408,www.cricuru.com
powerbi_409,Swiggy
powerbi_410,EY
powerbi_411,SSI Securities Corporation
powerbi_412,Hendrick Motorsports
powerbi_413,fairlife
powerbi_414,Anima Mentis
powerbi_415,Valmont Coatings
powerbi_416,Westinghouse Electric Company
powerbi_417,Organica Water
powerbi_418,GetGo
powerbi_419,Design Offices
powerbi_420,St. Luke's University Health Network
powerbi_421,IDS Borjomi Ukraine
powerbi_422,Tandemploy GmbH
powerbi_423,Komatsu Industries Corp.
powerbi_424,Mitie
powerbi_425,Schleich GmbH
powerbi_426,T-Mobile
powerbi_427,Kantar Group
powerbi_428,Action Apps
powerbi_429,Microsoft Corporation
powerbi_430,INTEGRIS Health
powerbi_431,Johnson Controls
powerbi_432,Avanade
powerbi_433,"King County, WA"
powerbi_434,Iberia Express
powerbi_435,Oregon State University
powerbi_436,Southern New Hampshire University
powerbi_437,Mitsubishi Electric Corporation
powerbi_438,Bodega Doña Felisa S.L.
powerbi_439,Marks & Spencer
powerbi_440,Grant Thornton UK LLP
powerbi_441,City of Ottawa
powerbi_442,Sunshine Holdings
powerbi_443,Munich Re (Group)
powerbi_444,Nebraska Department of Education
powerbi_445,Duquesne University
powerbi_446,Royal Automobile Club of Western Australia (RAC WA)
powerbi_447,Bodegas Vega de Yuco
powerbi_448,Yapı Kredi
powerbi_449,SSE
powerbi_450,Bank of Khyber
powerbi_451,Galadari Group
powerbi_452,Kern County
powerbi_453,New York City Department of Environmental Protection
powerbi_454,Coca-Cola Beverages Philippines
powerbi_455,CSG
powerbi_456,Ville de Laval
powerbi_457,Air Astana
powerbi_458,SLMG Beverages Pvt. Ltd.
powerbi_459,Morgan Sindall
powerbi_460,Robert Walters
powerbi_461,La Pontezuela S.L.U.
powerbi_462,University of Pardubice
powerbi_463,Walgreens
powerbi_464,Lhoist
powerbi_465,Cobase
powerbi_466,Zammo.ai
powerbi_467,PROTORIA
powerbi_468,RHI Magnesita
powerbi_469,EY
powerbi_470,Toyota Motor North America
powerbi_471,Hampshire & Isle of Wight Fire & Rescue Service
powerbi_472,Kinleigh Folkard & Hayward
powerbi_473,Moneysworth & Best Quality Shoe Care
powerbi_474,Rolls-Royce
powerbi_475,Inlitix
powerbi_476,"George Emil Palade University of Medicine, Pharmacy, Science and Technology Târgu Mures (UMFST)"
powerbi_477,WWF Italia
powerbi_478,Milton Keynes General Hospital NHS Trust
powerbi_479,Nokia
powerbi_480,ASOS
powerbi_481,Dominican Judicial Branch
powerbi_482,Vitaldent
powerbi_483,Seattle Visiting Nurse Association
powerbi_484,FortisAlberta Inc.
powerbi_485,H&M
powerbi_486,Edible Arrangements
powerbi_487,Procter & Gamble
powerbi_488,San Francisco Municipal Transportation Agency
powerbi_489,Jacksonville University
powerbi_490,Microsoft
powerbi_491,Alsimet
powerbi_492,Gira Dental
powerbi_493,Intesa Sanpaolo Group
powerbi_494,Mainstream Renewable Power
powerbi_495,Giant Eagle
powerbi_496,The Miami Dolphins
powerbi_497,Patterson Companies
powerbi_498,Clarion Housing
powerbi_499,Lillestrøm
powerbi_500,Dom Development
powerbi_501,ZF Group
powerbi_502,Rotherham NHS Foundation Trust
powerbi_503,Los Angeles Unified School District
powerbi_504,Syngenta Group
powerbi_505,Edible Arrangements
powerbi_506,Kumba Iron Ore
powerbi_507,Ingram Micro
powerbi_508,Bristol City Council
powerbi_509,Telia Company
powerbi_510,Willis Towers Watson
powerbi_511,Tetra Pak
powerbi_512,Assistance Coordination Unit (ACU)
powerbi_513,Lebanese Red Cross
powerbi_514,EQ
powerbi_515,Axpo
powerbi_516,Toyota
powerbi_517,Rx.Health
powerbi_518,Ministry of Education of the Republic of Azerbaijan
powerbi_519,FERMAX
powerbi_520,KPMG
powerbi_521,"KONICA MINOLTA, INC."
powerbi_522,Grundfos
powerbi_523,Exasol
powerbi_524,HIAS
powerbi_525,Toyota Ukraine
powerbi_526,CadDo
powerbi_527,Team Rubicon
powerbi_528,24Storage
powerbi_529,CRC Industries
powerbi_530,Bristol City Council
powerbi_531,EY
powerbi_532,Wipfli
powerbi_533,Clean Energy Fuels
powerbi_534,Ensign Drilling Inc.
powerbi_535,Walgreens Boots Alliance
powerbi_536,Alder Hey Children's NHS Foundation Trust
powerbi_537,PepsiCo
powerbi_538,MCS
powerbi_539,AO.com
powerbi_540,Danfoss A/S
powerbi_541,Unilever
powerbi_542,Boys & Girls Clubs of America
powerbi_543,OpenWrks
powerbi_544,Media24
powerbi_545,Humana
powerbi_546,National Railway Company of Belgium (SNCB)
powerbi_547,AllWays Health Partners
powerbi_548,EDUCATION4SIGHT
powerbi_549,Govia Thameslink Railway
powerbi_550,The Contingent
powerbi_551,Manulife
powerbi_552,C.H. Robinson
powerbi_553,Campari Group
powerbi_554,Delta Electronics
powerbi_555,Marks and Spencer
powerbi_556,Cosentino
powerbi_557,Transport for NSW
powerbi_558,The Wonderful Company
powerbi_559,St. Luke's University Health Network
powerbi_560,Forsyth County School District
powerbi_561,Hellenic Bank
powerbi_562,Siemens
powerbi_563,Swedish Medical Center
powerbi_564,Geojit Financial Services
powerbi_565,Walgreens Boots Alliance
powerbi_566,Walgreens Boots Alliance
powerbi_567,G&J Pepsi-Cola Bottlers
powerbi_568,Thomas Concrete Group
powerbi_569,SWK Stadtwerke Krefeld AG
powerbi_570,Eppendorf AG
powerbi_571,Telstra
powerbi_572,Reliable Electric
powerbi_573,Our Dorset Integrated Care System
powerbi_574,ENGIE
powerbi_575,Arla Foods
powerbi_576,Financial Fabric
powerbi_577,Parkland County
powerbi_578,Rockwell Automation
powerbi_579,United Farmers of Alberta Co-operative Limited
powerbi_580,TIM
powerbi_581,Kennametal Inc.
powerbi_582,Clearent
powerbi_583,EDF ENR
powerbi_584,MVP Health Care
powerbi_585,Smiths Group
powerbi_586,Wipro Consumer Care & Lighting
powerbi_587,Gauteng Provincial Government Republic of South Africa
powerbi_588,Vipps AS
powerbi_589,Abu Dhabi Digital Authority (ADDA)
powerbi_590,Walgreens
powerbi_591,Larsen & Toubro (L&T) Construction
powerbi_592,Sumarroca
powerbi_593,BESTSELLER
powerbi_594,UNICEF Netherlands
powerbi_595,AEP Energy
powerbi_596,St. Luke's University Health Network
powerbi_597,Leonard Cheshire
powerbi_598,Miami HEAT
powerbi_599,Majans
powerbi_600,Nederlandse Spoorwegen (Dutch Railways)
powerbi_601,Rural Investments Financing Agency (AFIR)
powerbi_602,Komatsu
powerbi_603,Deutsche Telekom AG
powerbi_604,RIEL
powerbi_605,TGI Fridays UK Ltd
powerbi_606,By The Ocean We Unite
powerbi_607,Fulton County Schools
powerbi_608,Carlsberg Group
powerbi_609,Intimidator
powerbi_610,Virgin Atlantic
powerbi_611,Komatsu Australia
powerbi_612,Sonee Sports
powerbi_613,PCL Construction LLC
powerbi_614,Eneco
powerbi_615,Heathrow Airport
powerbi_616,Eurobank
powerbi_617,Dairy Farmers of America
powerbi_618,Adobe
powerbi_619,Hickory Farms
powerbi_620,Edsby
powerbi_621,Adobe
powerbi_622,HP
powerbi_623,Vapiano
powerbi_624,Ecolab Inc.
qlik_1,Ineos inovyn
qlik_2,Van oord 2024 global impact award
qlik_3,Carvajal 2024 global transformation awards
qlik_4,Ingersoll rand 2024 global transformation award winner
qlik_5,Fujitsu 2024 global transformation award
qlik_6,Avon institute and the brazilian senate 2024 global impact award
qlik_7,Hilton 2024 global transformation awards
qlik_8,Antalis
qlik_9,Reworld
qlik_10,Henderson group transforms to agile business operations
qlik_11,Edeka
qlik_12,Lekkerland
qlik_13,Lekkerland fastens test data transfer with qlik gold client
qlik_14,Village roadshow group
qlik_15,Ather energy
qlik_16,Carvajal adopts qlik sense to drive growth in user numbers
qlik_17,Qlik creates transparency into logistics processes at edeka
qlik_18,Openreach reduces time to insight with qlik
qlik_19,Urban sports club boosts efficiency and saves time
qlik_20,Bnl bnp paribas
qlik_21,Bnl bnp paribas uses qlik replicate to build new data architecture
qlik_22,Lowa switzerland
qlik_23,Armscor
qlik_24,Lowa switzerland uses qlik sense saas to derive more info
qlik_25,Government agency cuts reporting from weeks to hours
qlik_26,Nortera
qlik_27,Dpd switzerland
qlik_28,Carrefour romania
qlik_29,Qlik helps logista to overcome data challenges in sap
qlik_30,Mayborn group benefits from high speed insights
qlik_31,Nortera implements qlik sense and qlik cloud across multiple locations
qlik_32,Eureden becomes more agile thanks to qlik sense and qlik replicate
qlik_33,Dpd reduces carbon footprint and improves customer service
qlik_34,Trek unifies data and analytics with qlik and databricks
qlik_35,Carvajal
qlik_36,Indianoil delivers compelling visualizations with qlik sense
qlik_37,Textron
qlik_38,Indianoil
qlik_39,Australian national university
qlik_40,Necpc
qlik_41,Necpc used qlik replicate and qlik compose to eliminate latency
qlik_42,Sustainable campus operations with insightful analytics
qlik_43,Mayborn group
qlik_44,Trek bicycle
qlik_45,Openreach
qlik_46,Georgia pacific
qlik_47,Vale achieves yearly benefit of usd600m
qlik_48,Siemens healthineers creating innovation through digitalization
qlik_49,Sodastream optimizes consumer centric marketing strategy
qlik_50,Fair price enhance transparency and control
qlik_51,Data helps c40 meet their climate goals
qlik_52,Data helps c40 meet climate goals
qlik_53,Lintech reduces churn increases revenue
qlik_54,A game changing approach to analytics
qlik_55,Wslhd better analytics better health outcomes
qlik_56,Consolidated data empowers cancer care
qlik_57,Caixabank transforms decision making
qlik_58,Syngenta drives top line revenue opportunities
qlik_59,Direct relief turn information into aid
qlik_60,Inventory analysis visualization and management
qlik_61,Qlik places walker in the drivers seat
qlik_62,Qlik helps nationwide building society with data literacy
qlik_63,Fenwick drives business growth with the power of qlik saas
qlik_64,Macquarie university gives students real world experience
qlik_65,Malmo redhawks changes their game with qlik analytics
qlik_66,Iwn data can transform the water industry
qlik_67,Miid saves 256 man hours with smarter transport
qlik_68,Te whatu ora mhaids use qlik to make informed decisions
qlik_69,Kanden powers up operations with data
qlik_70,A unique ecological study opportunity
qlik_71,Textron uses qlik and databricks to drive innovation
qlik_72,Polygon helps shape lending strategies
qlik_73,Qlik empowers hitachis supply chain decisions
qlik_74,Qlik enables 40 accuracy improvement
qlik_75,Airbus consolidates data sources to optimize aircraft production
qlik_76,Breuninger interweaving sap and google bigquery
qlik_77,Wrightington wigan and leigh from ward to board with qlik
qlik_78,Gordon food service gains business awareness
qlik_79,Direct relief with qlik video
qlik_80,Anz bank derives value from data with qlik
qlik_81,Greene tweed gains active intelligence with qlik
qlik_82,Data is the new gold for lenovos strategic advantage
qlik_83,Vodafoneziggo offers self service data buffet
qlik_84,Greene tweed gains efficiencies in sap data replication
qlik_85,Sorgenia stays ahead of competition with vital data insights
qlik_86,Volvo groups journey data adoption collaboration with qlik
qlik_87,Capital and coast district health board increased
qlik_88,Contra costa health system transforms data noise
qlik_89,Vancouver international airport transforms air travel with bi analytics
qlik_90,Arch systems billion data points optimize uptime
qlik_91,Poly wood case study
qlik_92,Infographic bmw group
qlik_93,Woolworths improves inventory processes with data
qlik_94,Ferguson on azure with qlik data integration
qlik_95,Sourcing all data into one data lake with snowflake and qlik data integration
qlik_96,Qlik empowers company wide insights with embedding
qlik_97,Mayborn group
qlik_98,Mayborn group active intelligence drives better analysis
qlik_99,Mainframe data replication to aws
qlik_100,Sistic singapore
qlik_101,Sega games
qlik_102,Ocean and earth gain valuable retail insights with qlik
qlik_103,Novartis is going big on data
qlik_104,Q 36 5 pro cycling team
qlik_105,Ikano increases sales and customer satisfaction with qlik
qlik_106,Merck uses qlik for deep insights into clinical trials
qlik_107,Generali customer video
qlik_108,Aegon unshackles legacy systems chains using aws and qlik
qlik_109,Duravit faster better reporting brings goals
qlik_110,Fm logistic data that powers logistics 4 0
qlik_111,Mental health concern healthier data translates to better mental health
qlik_112,Spirax sarco improving cash flow through automation and data standardization
qlik_113,Simba sleep with stitch lose no sleep over aggressive growth pains
qlik_114,Save the children germany saving time and effort
qlik_115,Lenovo predicting the future one transaction at a time
qlik_116,Swiss life france uses qlik replicate tm to deliver customer data
qlik_117,Fanatics leverages a cloud data lake for analytics with amazon web services and qlik case study
qlik_118,Medux visualizes data achieving data literacy
qlik_119,Covanta drive data outcomes with effective data governance
qlik_120,Globe telecom enhance mobile subscriber experiences with trustworthy data
qlik_121,Beneva elevate marketing success through data quality excellence
qlik_122,Jaguar land rover gains real time access to actionable data
qlik_123,Data accuracy offers new opportunities
qlik_124,Service speed takes uwm to new heights
qlik_125,Besix achieves better decision making based on trusted data
qlik_126,Real time data drives key efficiencies
qlik_127,Mentor graphics case study
qlik_128,Etix case study
qlik_129,Briefcam transforms video data into insights
qlik_130,Schneider electric unlocks value from sap data
qlik_131,Nz health partnerships move from analytics to insights
qlik_132,Smc puts data at its fingertips
qlik_133,Unitrans takes data the extra mile
qlik_134,Vinci energies
qlik_135,National stock exchange saves time with qlik
qlik_136,Bank btpn streams real time data with qlik
qlik_137,Sega leveling up the mobile game experience
qlik_138,Anz bank make better decisions with data
qlik_139,Data is the key to retail success at samsung
qlik_140,Devon energy simplifies data transition to cloud
qlik_141,Mercers clients given data analytics capability
qlik_142,Clutha district council provide seamless services
qlik_143,Novartis democratized data drives value
qlik_144,Bitmarck case study
qlik_145,How data driven analytics with qlik saved bentley systems 2 million in first year
qlik_146,Dpg media introduces state of the art campaign portal
qlik_147,Ewals cargo care accelerates cloud data warehouse productivity by 400 percent
qlik_148,Audi team hitotsuyama stay ahead of the competition
qlik_149,Miller insurance qlik replicate case study
qlik_150,Appalachian regional healthcare
qlik_151,Skullcandy
qlik_152,Qlik sense delivers 20 20 vision
qlik_153,Honda undergoes a digital transformation
qlik_154,Data achieves debt resolution success
qlik_155,Usaa replicating cloud data
qlik_156,Brown forman reducing development and testing time while reducing costs
qlik_157,Lenovo leverages data for strategic advantage
qlik_158,Zift increases competitiveness with application automation
qlik_159,Cs volvo group drives data insights kpis
qlik_160,In demand case study
qlik_161,Intuit
qlik_162,Dominos
qlik_163,Integra financial
qlik_164,Urban outfitters
qlik_165,Hunt makes data visible to everyone
